Stream ID,1,2,3,4,5
10001,Cobra Kai,Lupin,12 Monkeys,Sherlock,
10002,Lost,Jack Ryan,The Flash,Game of thrones,
10003,Sex Education,Dr. House,Kingdom,The Walking Dead,
10004,Ozark,Sex Education,Constantine,Preacher,
10005,Naruto,,,,
10006,Sex Education,,,,
10007,Locke & Key,,,,
10008,Lupin,,,,
10009,Fringe,Shooter,How to get away with murder,,
10010,Queen of the South,Better Call Saul,Peaky Blinders,,
10011,Sex Education,,,,
10012,Atypical,Stranger Things,Homeland,Brooklyn Nine Nine,
10013,Daredevil,Atypical,The Walking Dead,The Witcher,
10014,One Piece,Queen of the South,,,
10015,Demon Slayer,Atypical,Stranger Things,Absentia,
10016,Queen of the South,The Blacklist,Succession,Sex Education,Peaky Blinders
10017,Daredevil,Lost,The Boys,Family Guy,
10018,Sex Education,Two and a half men,Only Murders in the building,Perception,
10019,Preacher,Only Murders in the building,Absentia,Spartacus,
10020,Lost,Gotham,,,
10021,Spartacus,Perception,,,
10022,Absentia,,,,
10023,Into the night,Demon Slayer,Ozark,Constantine,
10024,Hanna,Demon Slayer,Ozark,Sex Education,
10025,Daredevil,The Boys,Alice in Borderland,Preacher,
10026,12 Monkeys,Dark,How I met your mother,,
10027,Doctor Who,,,,
10028,Doctor Who,Mare of Easttown,,,
10029,Sex Education,Outer Banks,Brooklyn Nine Nine,How I met your mother,
10030,Arrow,Into the night,Queen of the South,Ozark,
10031,The Flash,The Wire,Kingdom,,
10032,The Blacklist,Ozark,You,,
10033,Absentia,,,,
10034,Cobra Kai,Succession,Sex Education,Jack Ryan,
10035,Outer Banks,,,,
10036,Demon Slayer,Berlin Station,Two and a half men,Shadow and Bone,
10037,Family Guy,,,,
10038,Arrow,Ozark,Sex Education,Deception,
10039,Upload,The Walking Dead,Lupin,X-Files,
10040,The Outsider,Outer Banks,,,
10041,Daredevil,Jack Ryan,Outer Banks,,
10042,One Piece,Sex Education,Berlin Station,Dr. House,
10043,Mirzapur,,,,
10044,The Blacklist,Rick And Morty,Family Guy,,
10045,Kingdom,Rome,,,
10046,The Walking Dead,Designated Survivor,Goliath,,
10047,Cobra Kai,Ozark,Sex Education,Jack Ryan,
10048,Ozark,Two and a half men,,,
10049,Succession,Ozark,,,
10050,The Stranger,Lost,Cobra Kai,The Blacklist,
10051,The Stranger,Queen of the South,Demon Slayer,Rick And Morty,
10052,The Blacklist,Demon Slayer,Ozark,Outer Banks,
10053,Perception,Big Little Lies,Chernobyl,,
10054,Alice in Borderland,The Walking Dead,How I met your mother,,
10055,Cobra Kai,Succession,Emily in Paris,12 Monkeys,
10056,Demon Slayer,,,,
10057,The Walking Dead,Vikings,Dark,Banshee,
10058,Mare of Easttown,,,,
10059,Lost,Ozark,Deception,Doctor Who,Better Call Saul
10060,Sex Education,Haven,,,
10061,Jack Ryan,Family Guy,Sherlock,Archer,
10062,The Blacklist,The Night Manager,,,
10063,Supernatural,,,,
10064,Sex Education,Constantine,Atypical,Family Guy,
10065,Better Call Saul,Sex Education,The Walking Dead,Stranger Things,
10066,White Collar,Outer Banks,Hunters,Chernobyl,
10067,Queen of the South,Designated Survivor,,,
10068,Cobra Kai,Ozark,Deception,Vikings,
10069,Mr. Robot,White Collar,Outer Banks,,
10070,Breaking Bad,The Wire,Vikings,The Witcher,
10071,Ozark,,,,
10072,Absentia,,,,
10073,Dark,,,,
10074,Hanna,The Wire,The Blacklist,Sex Education,
10075,Hanna,The Stranger,Kingdom,Only Murders in the building,
10076,Stranger Things,Outer Banks,,,
10077,Lucifer,,,,
10078,Shooter,Rome,How I met your mother,Supernatural,
10079,Mr. Robot,Ozark,Atypical,Preacher,
10080,Sex Education,Dr. House,Two and a half men,The Mentalist,
10081,Outer Banks,,,,
10082,The Blacklist,Atypical,Archer,How I met your mother,
10083,Outer Banks,,,,
10084,Archer,Mare of Easttown,Dark,,
10085,Berlin Station,Alice in Borderland,Mare of Easttown,The Mentalist,
10086,Daredevil,The Stranger,Demon Slayer,The Boys,
10087,Absentia,Lucifer,,,
10088,Arrow,Sex Education,Berlin Station,Jack Ryan,
10089,Absentia,,,,
10090,Inhumans,The Blacklist,Demon Slayer,The Boys,
10091,Daredevil,The Stranger,Cobra Kai,Demon Slayer,
10092,Mr. Robot,Ozark,Travellers,Two and a half men,Better Call Saul
10093,Sex Education,Berlin Station,Kingdom,The Walking Dead,
10094,Mr. Robot,12 Monkeys,Stranger Things,Outer Banks,
10095,The Office,Chernobyl,,,
10096,Outer Banks,,,,
10097,Atypical,Two and a half men,The Alienist,,
10098,Travellers,Two and a half men,,,
10099,Two and a half men,The Wire,Hunters,Lucifer,
10100,Daredevil,Sex Education,Family Guy,House of Cards,
10101,Daredevil,Dark,The 100,,
10102,Teen Wolf,,,,
10103,Dr. House,The Walking Dead,Big Little Lies,,
10104,The Blacklist,,,,
10105,Two and a half men,Outer Banks,,,
10106,Emily in Paris,Two and a half men,,,
10107,Atypical,Two and a half men,Dexter,Outer Banks,
10108,One Piece,Cobra Kai,Mr. Robot,Sex Education,
10109,Cobra Kai,The Blacklist,Sex Education,Berlin Station,
10110,The Stranger,Demon Slayer,Sex Education,Two and a half men,
10111,Ozark,,,,
10112,Hanna,Rick And Morty,Ozark,Sex Education,
10113,Kingdom,,,,
10114,The Big Bang Theory,Outer Banks,Lucifer,,
10115,His Dark Materials,,,,
10116,Absentia,,,,
10117,Absentia,,,,
10118,The Blacklist,Ozark,The Walking Dead,Banshee,
10119,Sex Education,,,,
10120,One Piece,Outer Banks,Absentia,Westworld,
10121,Lost,Person of Interest,White Collar,Dr. House,
10122,Sex Education,Dr. House,,,
10123,Demon Slayer,The Boys,Doctor Who,Two and a half men,
10124,Two and a half men,,,,
10125,Sex Education,Travellers,The Flash,Archer,
10126,Sex Education,Atypical,Dr. House,Two and a half men,
10127,Demon Slayer,Mr. Robot,Succession,Ozark,
10128,Sex Education,Outer Banks,,,
10129,12 Monkeys,Banshee,,,
10130,The Wire,Demon Slayer,Ozark,Kingdom,
10131,Lucifer,,,,
10132,The Blacklist,Demon Slayer,Two and a half men,Archer,
10133,Mr. Robot,,,,
10134,Sex Education,24,The Mentalist,,
10135,Daredevil,Demon Slayer,Jack Ryan,Outer Banks,
10136,Two and a half men,Outer Banks,,,
10137,Emily in Paris,Dr. House,Mare of Easttown,,
10138,One Piece,Mr. Robot,,,
10139,Banshee,The Night Manager,,,
10140,Better Call Saul,,,,
10141,Daredevil,Two and a half men,Outer Banks,Shadow and Bone,
10142,Mr. Robot,Atypical,Emily in Paris,Game of thrones,
10143,Hanna,The Stranger,One Piece,Cobra Kai,
10144,Family Guy,Deception,Game of thrones,The Expanse,
10145,Arrow,Cobra Kai,The Blacklist,Sex Education,
10146,Outer Banks,,,,
10147,The Walking Dead,Outer Banks,Brooklyn Nine Nine,,
10148,Arrow,Breaking Bad,Two and a half men,The Wire,
10149,Two and a half men,Kingdom,Outer Banks,,
10150,The Wire,One Piece,The Wilds,The Blacklist,
10151,Atypical,12 Monkeys,Stranger Things,The Alienist,
10152,Daredevil,The Stranger,Queen of the South,Cobra Kai,
10153,The Umbrella Academy,Stranger Things,,,
10154,Sex Education,,,,
10155,Queen of the South,Mr. Robot,Person of Interest,Ozark,
10156,Cobra Kai,Sex Education,Jack Ryan,Travellers,
10157,The Blacklist,Sex Education,12 Monkeys,Vikings,
10158,Family Guy,The Innocent,,,
10159,Two and a half men,,,,
10160,Lost in Space,Stranger Things,The Mentalist,How I met your mother,
10161,Daredevil,Kingdom,Sense 8,Archer,
10162,Succession,Ozark,Game of thrones,,
10163,Sex Education,Atypical,The Flash,Two and a half men,
10164,Sex Education,Constantine,Atypical,12 Monkeys,
10165,Hanna,Demon Slayer,Mr. Robot,Jack Ryan,
10166,The Wilds,Ozark,Better Call Saul,The Witcher,
10167,The Walking Dead,Archer,Spartacus,,
10168,Cobra Kai,Demon Slayer,The Boys,Ozark,
10169,One Piece,Mr. Robot,Person of Interest,Sex Education,
10170,Lost,Sons of Anarchy,,,
10171,Absentia,,,,
10172,The Walking Dead,,,,
10173,Better Call Saul,Constantine,Lupin,Absentia,
10174,Outer Banks,,,,
10175,Daredevil,Two and a half men,Outer Banks,Absentia,
10176,Demon Slayer,Sex Education,Dr. House,The Wire,
10177,Shadow and Bone,,,,
10178,The Outsider,Archer,Spartacus,,
10179,Dark,,,,
10180,Jack Ryan,Doctor Who,The Walking Dead,Banshee,
10181,Travellers,Black Clover,,,
10182,Archer,,,,
10183,The Blacklist,Family Guy,The Nevers,,
10184,The Blacklist,Grey's Anatomy,Two and a half men,Shadow and Bone,
10185,Daredevil,Heros,Preacher,Absentia,
10186,Daredevil,Mr. Robot,Ozark,Sex Education,
10187,Ozark,Sex Education,The Wire,The Alienist,
10188,The Stranger,The Blacklist,Demon Slayer,Ozark,
10189,Archer,,,,
10190,Hunters,,,,
10191,Arrow,The Blacklist,Nine Perfect Strangers,Outer Banks,
10192,Doctor Who,,,,
10193,Cobra Kai,Atypical,White Collar,The Walking Dead,
10194,Dr. House,The Walking Dead,Dark,Absentia,
10195,Person of Interest,,,,
10196,The Blacklist,Sex Education,Atypical,Two and a half men,
10197,Only Murders in the building,The Night Manager,,,
10198,One Piece,Stranger Things,Dark,,
10199,Ozark,Shadow and Bone,,,
10200,Kingdom,,,,
10201,The Blacklist,Family Guy,White Collar,The Innocent,
10202,One Piece,Ozark,Atypical,The Wire,
10203,Hunters,Love Death Robots,Big Little Lies,Chernobyl,
10204,The Stranger,Rick And Morty,Deception,Archer,
10205,One Piece,The Wilds,Cobra Kai,Sex Education,
10206,Better Call Saul,Stranger Things,,,
10207,The Blacklist,Mr. Robot,Sex Education,Jack Ryan,
10208,The Blacklist,Sex Education,Two and a half men,Sherlock,
10209,Daredevil,Sex Education,Two and a half men,Outer Banks,
10210,Demon Slayer,,,,
10211,The Flash,The Walking Dead,Suits,Peaky Blinders,
10212,Ozark,Atypical,Family Guy,How I met your mother,
10213,Mr. Robot,Ozark,Friends,Suits,
10214,Daredevil,Arrow,Queen of the South,Mr. Robot,
10215,One Piece,Queen of the South,Better Call Saul,The Walking Dead,
10216,Mr. Robot,Ozark,Sex Education,The Big Bang Theory,
10217,Ozark,Preacher,The Wire,The Nevers,
10218,Sex Education,,,,
10219,Ozark,Sex Education,The Walking Dead,Game of thrones,
10220,The Stranger,Rick And Morty,Mr. Robot,Person of Interest,
10221,Daredevil,Demon Slayer,Two and a half men,The Walking Dead,
10222,Cobra Kai,Constantine,Atypical,White Collar,
10223,How I met your mother,,,,
10224,Daredevil,The Wire,The Blacklist,Preacher,
10225,The Blacklist,Travellers,Kingdom,Game of thrones,
10226,Daredevil,Ozark,Constantine,Dr. House,
10227,Outer Banks,Ragnarok,,,
10228,Atypical,Stranger Things,Absentia,Chernobyl,
10229,Daredevil,Cobra Kai,Demon Slayer,Sex Education,
10230,Emily in Paris,,,,
10231,Demon Slayer,Mr. Robot,Mirzapur,The Mentalist,
10232,Inhumans,Cobra Kai,Ozark,Jack Ryan,
10233,The Mentalist,,,,
10234,Preacher,,,,
10235,Arrow,The Wire,Sex Education,Constantine,
10236,Hanna,Inhumans,Demon Slayer,Sex Education,
10237,The Night Manager,,,,
10238,Hanna,Two and a half men,Shadow and Bone,,
10239,Archer,,,,
10240,Lost,The Blacklist,Person of Interest,Ozark,
10241,Mare of Easttown,,,,
10242,Lost,Demon Slayer,Ozark,Sex Education,
10243,Jack Ryan,,,,
10244,Iron Fist,,,,
10245,Mare of Easttown,Haven,,,
10246,The Stranger,Banshee,Shadow and Bone,,
10247,The man in the high castle,Two and a half men,Kingdom,,
10248,Better Call Saul,,,,
10249,One Piece,Ozark,Sex Education,Sacred Games,
10250,Two and a half men,,,,
10251,Two and a half men,Dark,,,
10252,Outer Banks,,,,
10253,Love Death Robots,,,,
10254,Succession,,,,
10255,Sex Education,Jack Ryan,Preacher,Lucifer,
10256,Mindhunter,Big Little Lies,Startup,,
10257,The Handmaid's Tale,,,,
10258,The Blacklist,Jack Ryan,Alice in Borderland,Two and a half men,
10259,The Blacklist,Ozark,Atypical,,
10260,White Collar,Kingdom,Sopranos,Archer,
10261,Hanna,The Stranger,The Outsider,Two and a half men,
10262,Two and a half men,Stranger Things,,,
10263,Atypical,Emily in Paris,The Mentalist,Perception,
10264,Daredevil,,,,
10265,Demon Slayer,,,,
10266,Into the night,Atypical,Two and a half men,The Walking Dead,
10267,Demon Slayer,Sex Education,Prison Break,Black Clover,
10268,Berlin Station,The Outsider,Kingdom,Dark,
10269,Hanna,Sex Education,Two and a half men,The Innocent,
10270,Queen of the South,The Blacklist,Sex Education,12 Monkeys,
10271,Stranger Things,Designated Survivor,,,
10272,Daredevil,Constantine,Dr. House,Two and a half men,
10273,Outer Banks,Designated Survivor,Lucifer,,
10274,Outer Banks,,,,
10275,Spartacus,,,,
10276,Mare of Easttown,,,,
10277,Queen of the South,Grey's Anatomy,Dark,,
10278,Queen of the South,Mr. Robot,Big Little Lies,,
10279,Ozark,Sex Education,Supergirl,The Wire,
10280,Daredevil,Two and a half men,Outer Banks,,
10281,Euphoria,,,,
10282,Absentia,Brooklyn Nine Nine,,,
10283,Ozark,The Mentalist,How to get away with murder,Chernobyl,
10284,Rome,,,,
10285,Elementary,Ozark,Deception,Dark,
10286,Demon Slayer,Travellers,Outer Banks,,
10287,Queen of the South,Mr. Robot,,,
10288,Absentia,Lucifer,,,
10289,Chernobyl,,,,
10290,Outer Banks,The Alienist,,,
10291,Prison Break,Upload,,,
10292,Outer Banks,The Office,,,
10293,Cobra Kai,Sex Education,Squid Game,,
10294,Mirzapur,Banshee,The Wheel of Time,,
10295,Ozark,Sex Education,Travellers,Atypical,
10296,Atypical,White Collar,Two and a half men,,
10297,Daredevil,Alice in Borderland,Lost in Space,,
10298,The Wire,Banshee,Lucifer,,
10299,Queen of the South,Lost,Rick And Morty,The Walking Dead,
10300,Riverdale,The 100,The Newsroom,Banshee,
10301,Arrow,One Piece,Lucifer,,
10302,Ozark,,,,
10303,Sex Education,Dark,,,
10304,Rome,,,,
10305,The Blacklist,Demon Slayer,Atypical,,
10306,Archer,Big Little Lies,,,
10307,Demon Slayer,Stranger Things,,,
10308,The Blacklist,Demon Slayer,Outer Banks,Rome,
10309,Ozark,Sex Education,The man in the high castle,Kingdom,
10310,Lost,,,,
10311,Two and a half men,Kingdom,Absentia,,
10312,Cobra Kai,Mr. Robot,Better Call Saul,Atypical,
10313,Dark,,,,
10314,Ozark,Sex Education,Deception,Lupin,
10315,Daredevil,Ozark,Alice in Borderland,Sopranos,
10316,Sex Education,Berlin Station,Atypical,Kingdom,
10317,Sex Education,Haven,How I met your mother,,
10318,Hanna,One Piece,Demon Slayer,Mr. Robot,
10319,Daredevil,The Blacklist,Ozark,Sex Education,
10320,Hanna,Cobra Kai,Sex Education,Dr. House,
10321,Sex Education,,,,
10322,Mr. Robot,,,,
10323,Ozark,Doctor Who,Designated Survivor,,
10324,The Boys,,,,
10325,Sex Education,,,,
10326,The Blacklist,Lucifer,,,
10327,Hanna,Ozark,Sex Education,Jack Ryan,
10328,Hanna,The Blacklist,Mr. Robot,Sex Education,
10329,Atypical,Two and a half men,Mare of Easttown,,
10330,Cobra Kai,Mr. Robot,Succession,Ozark,
10331,Cobra Kai,The Blacklist,Demon Slayer,Rick And Morty,
10332,Arrow,Cobra Kai,Travellers,Atypical,
10333,Ozark,Kingdom,The Vampire Diaries,Rome,
10334,The Alienist,,,,
10335,Ozark,The man in the high castle,Only Murders in the building,Lucifer,
10336,Gotham,,,,
10337,The Boys,Mare of Easttown,The Mentalist,,
10338,Elementary,The Stranger,Mr. Robot,Sex Education,
10339,Atypical,Stranger Things,,,
10340,Dr. House,Two and a half men,Archer,Absentia,
10341,Absentia,,,,
10342,Sex Education,Deception,,,
10343,Ozark,Two and a half men,Kingdom,,
10344,Dark,Riverdale,Sneaky Pete,Shadow and Bone,
10345,Gotham,,,,
10346,Daredevil,Cobra Kai,The Blacklist,Sex Education,
10347,Cobra Kai,The Blacklist,Mr. Robot,Atypical,
10348,The Blacklist,Preacher,Shadow and Bone,,
10349,The Alienist,Brooklyn Nine Nine,,,
10350,Ozark,Doctor Who,Two and a half men,Stranger Things,
10351,The Witcher,Shadow and Bone,Designated Survivor,,
10352,Daredevil,Two and a half men,The Mentalist,,
10353,The Walking Dead,,,,
10354,Mr. Robot,Dr. House,12 Monkeys,Outlander,
10355,Outer Banks,Dark,The 100,Locke & Key,
10356,The Wire,One Piece,Succession,The Queen's Gambit,
10357,Ozark,Supergirl,Lost in Space,Nine Perfect Strangers,
10358,Outer Banks,,,,
10359,The Wire,,,,
10360,The Blacklist,Demon Slayer,Rick And Morty,The Outsider,
10361,Daredevil,Cobra Kai,Ozark,Dr Stone,
10362,Hanna,Into the night,The Blacklist,The Boys,
10363,Nine Perfect Strangers,The Umbrella Academy,Lucifer,,
10364,The Blacklist,Demon Slayer,Sex Education,The Flash,
10365,Cobra Kai,The Blacklist,Family Guy,Two and a half men,
10366,Queen of the South,The Blacklist,Atypical,,
10367,Outer Banks,Dark,The 100,Locke & Key,
10368,One Piece,Stranger Things,Rome,,
10369,Lost,Mr. Robot,Sex Education,Atypical,
10370,Cobra Kai,The Blacklist,Rick And Morty,Mr. Robot,
10371,Daredevil,Cobra Kai,Outer Banks,The Mentalist,
10372,Outer Banks,,,,
10373,The Blacklist,Two and a half men,The Walking Dead,,
10374,One Piece,Absentia,Ragnarok,,
10375,Two and a half men,Kingdom,The Walking Dead,Archer,
10376,Billions,Two and a half men,Archer,How to get away with murder,
10377,Absentia,Lucifer,,,
10378,Breaking Bad,Outer Banks,Dark,The 100,
10379,The Office,,,,
10380,Cobra Kai,The Blacklist,Demon Slayer,Prison Break,
10381,Two and a half men,12 Monkeys,How I met your mother,,
10382,Constantine,Designated Survivor,,,
10383,Cobra Kai,Ozark,Berlin Station,Two and a half men,
10384,Grey's Anatomy,Outer Banks,Rome,,
10385,The Witcher,,,,
10386,Daredevil,Alice in Borderland,Two and a half men,Vikings,
10387,Hanna,Mr. Robot,Succession,Ozark,
10388,Sex Education,Family Guy,Lupin,Punisher,
10389,Outer Banks,,,,
10390,Inhumans,Queen of the South,Demon Slayer,Better Call Saul,
10391,Daredevil,Madmen,Dr. House,Outer Banks,
10392,Cobra Kai,The Blacklist,Demon Slayer,Atypical,
10393,Hanna,Demon Slayer,Succession,Sex Education,
10394,Shooter,,,,
10395,House of Cards,Outer Banks,Squid Game,Haven,
10396,The Stranger,Atypical,Family Guy,Upload,
10397,The Wire,One Piece,Mr. Robot,Ozark,
10398,Into the night,The Blacklist,Demon Slayer,Mr. Robot,
10399,Daredevil,Stranger Things,,,
10400,Hanna,Daredevil,Supergirl,12 Monkeys,
10401,Daredevil,Stranger Things,Rome,,
10402,White Collar,Archer,Absentia,Designated Survivor,
10403,Rome,,,,
10404,Brooklyn Nine Nine,,,,
10405,Arrow,The Boys,Madmen,The Outsider,
10406,Demon Slayer,Mr. Robot,White Collar,Prison Break,
10407,The Blacklist,Demon Slayer,Sex Education,Preacher,
10408,Daredevil,The Stranger,Sex Education,Breaking Bad,
10409,Rick And Morty,Mr. Robot,Sex Education,Jack Ryan,
10410,The Blacklist,Archer,The Night Manager,The Office,
10411,The Boys,Rick And Morty,Berlin Station,Deception,
10412,Jack Ryan,Emily in Paris,The Walking Dead,Peaky Blinders,Better Call Saul
10413,Shooter,,,,
10414,Hanna,Two and a half men,The Tick,Lucifer,
10415,Constantine,Atypical,Kingdom,The Walking Dead,
10416,Hanna,Mr. Robot,How I met your mother,,
10417,Daredevil,Outer Banks,Dark,,
10418,The Blacklist,Demon Slayer,The Boys,Mr. Robot,
10419,Cobra Kai,Ozark,Atypical,Madmen,
10420,Daredevil,Sex Education,Absentia,,
10421,Sex Education,Preacher,Archer,,
10422,Lost,Deception,,,
10423,Emily in Paris,Stranger Things,Mare of Easttown,,
10424,Hanna,The Wire,The Blacklist,Succession,
10425,One Piece,Ozark,Jack Ryan,,
10426,Friends,,,,
10427,Constantine,Alice in Borderland,The Flash,The Wire,
10428,Sex Education,Two and a half men,,,
10429,Cobra Kai,The Blacklist,Sex Education,Atypical,
10430,Arrow,Ozark,The Flash,The Walking Dead,
10431,Two and a half men,How I met your mother,,,
10432,Absentia,,,,
10433,Supernatural,,,,
10434,Absentia,,,,
10435,The Mentalist,Peaky Blinders,Lucifer,,
10436,The Wire,One Piece,The Blacklist,Mr. Robot,
10437,Queen of the South,Cobra Kai,Locke & Key,Nine Perfect Strangers,
10438,Demon Slayer,Atypical,Alice in Borderland,Deception,
10439,The Wire,The Flash,Dark,,
10440,Arrow,Sex Education,Constantine,Breaking Bad,Better Call Saul
10441,Outer Banks,Mare of Easttown,,,
10442,Dark,The 100,,,
10443,The Wire,Two and a half men,Outer Banks,,
10444,Rick And Morty,Sex Education,Atypical,Vikings,
10445,Outer Banks,Absentia,,,
10446,Queen of the South,Cobra Kai,Sex Education,Dr. House,
10447,Rick And Morty,Family Guy,,,
10448,The Wire,Cobra Kai,The Blacklist,Mr. Robot,
10449,Inhumans,Mr. Robot,Ozark,Breaking Bad,
10450,Shadow and Bone,The Night Manager,,,
10451,Gotham,,,,
10452,Jack Ryan,Atypical,Dr. House,The Wire,
10453,Stranger Things,The Night Manager,,,
10454,The Stranger,Mr. Robot,Ozark,Sex Education,
10455,Dark,,,,
10456,Doctor Who,Outer Banks,Designated Survivor,,
10457,The Big Bang Theory,Westworld,,,
10458,Daredevil,Lost,The Blacklist,Mr. Robot,
10459,The Blacklist,Prison Break,Nine Perfect Strangers,Stranger Things,
10460,Demon Slayer,Rick And Morty,Mr. Robot,Ozark,
10461,Archer,,,,
10462,The Night Manager,,,,
10463,Daredevil,Two and a half men,,,
10464,Daredevil,Rick And Morty,Alice in Borderland,Preacher,
10465,Cobra Kai,,,,
10466,Atypical,Emily in Paris,Stranger Things,Brooklyn Nine Nine,
10467,Dark,Lucifer,,,
10468,The Stranger,Ozark,Sex Education,Dr. House,
10469,Mare of Easttown,The Mentalist,Absentia,The Alienist,
10470,Outer Banks,Absentia,,,
10471,Demon Slayer,Sex Education,Family Guy,,
10472,One Piece,Demon Slayer,Ozark,Travellers,
10473,Jack Ryan,The Wire,The Walking Dead,Outer Banks,
10474,Sex Education,,,,
10475,Demon Slayer,Ozark,Berlin Station,Atypical,Better Call Saul
10476,Cobra Kai,Archer,Absentia,The Alienist,
10477,Queen of the South,The Boys,Perception,,
10478,Queen of the South,The Blacklist,Ozark,Sex Education,
10479,Kingdom,Stranger Things,Outer Banks,Absentia,
10480,Gotham,,,,
10481,Family Guy,White Collar,Dr. House,,
10482,The Blacklist,,,,
10483,Person of Interest,Sex Education,,,
10484,The Wire,One Piece,The Blacklist,Rick And Morty,
10485,How I met your mother,,,,
10486,Cobra Kai,Rick And Morty,Ozark,Sex Education,
10487,Succession,Ozark,Grey's Anatomy,The Flash,
10488,House of Cards,Suits,,,
10489,Cobra Kai,Rick And Morty,Ozark,Sex Education,
10490,Altered Carbon,24,Stranger Things,,
10491,Lost,Preacher,Mindhunter,Archer,Better Call Saul
10492,Queen of the South,Cobra Kai,The Boys,Mr. Robot,
10493,Mare of Easttown,,,,
10494,Hanna,Cobra Kai,Shooter,Archer,
10495,Sex Education,Two and a half men,Sense 8,Mirzapur,
10496,Hanna,Daredevil,The Blacklist,Mr. Robot,
10497,Cobra Kai,Mr. Robot,12 Monkeys,The Witcher,
10498,Sex Education,Stranger Things,The Mentalist,,
10499,The Wire,The Stranger,Rick And Morty,Atypical,
